[{"model": "admin.logentry", "pk": 1, "fields": {"action_time": "2024-02-09T09:47:19.191Z", "user": 2, "content_type": 7, "object_id": "1", "object_repr": "Картинка", "action_flag": 1, "change_message": "[{\"added\": {}}]"}}, {"model": "admin.logentry", "pk": 2, "fields": {"action_time": "2024-02-09T11:12:09.442Z", "user": 2, "content_type": 7, "object_id": "2", "object_repr": "картинка", "action_flag": 1, "change_message": "[{\"added\": {}}]"}}, {"model": "admin.logentry", "pk": 3, "fields": {"action_time": "2024-02-15T09:13:20.235Z", "user": 2, "content_type": 7, "object_id": "4", "object_repr": "название", "action_flag": 3, "change_message": ""}}, {"model": "admin.logentry", "pk": 4, "fields": {"action_time": "2024-02-15T09:13:49.172Z", "user": 2, "content_type": 7, "object_id": "5", "object_repr": "Название", "action_flag": 1, "change_message": "[{\"added\": {}}]"}}, {"model": "admin.logentry", "pk": 5, "fields": {"action_time": "2024-02-15T09:14:07.860Z", "user": 2, "content_type": 7, "object_id": "5", "object_repr": "Название", "action_flag": 3, "change_message": ""}}, {"model": "admin.logentry", "pk": 6, "fields": {"action_time": "2024-02-15T09:52:13.398Z", "user": 2, "content_type": 7, "object_id": "6", "object_repr": "название", "action_flag": 3, "change_message": ""}}, {"model": "admin.logentry", "pk": 7, "fields": {"action_time": "2024-02-15T09:53:18.182Z", "user": 2, "content_type": 7, "object_id": "7", "object_repr": "название", "action_flag": 3, "change_message": ""}}, {"model": "admin.logentry", "pk": 8, "fields": {"action_time": "2024-02-15T09:56:00.415Z", "user": 2, "content_type": 7, "object_id": "8", "object_repr": "название", "action_flag": 3, "change_message": ""}}, {"model": "auth.permission", "pk": 1, "fields": {"name": "Can add log entry", "content_type": 1, "codename": "add_logentry"}}, {"model": "auth.permission", "pk": 2, "fields": {"name": "Can change log entry", "content_type": 1, "codename": "change_logentry"}}, {"model": "auth.permission", "pk": 3, "fields": {"name": "Can delete log entry", "content_type": 1, "codename": "delete_logentry"}}, {"model": "auth.permission", "pk": 4, "fields": {"name": "Can view log entry", "content_type": 1, "codename": "view_logentry"}}, {"model": "auth.permission", "pk": 5, "fields": {"name": "Can add permission", "content_type": 2, "codename": "add_permission"}}, {"model": "auth.permission", "pk": 6, "fields": {"name": "Can change permission", "content_type": 2, "codename": "change_permission"}}, {"model": "auth.permission", "pk": 7, "fields": {"name": "Can delete permission", "content_type": 2, "codename": "delete_permission"}}, {"model": "auth.permission", "pk": 8, "fields": {"name": "Can view permission", "content_type": 2, "codename": "view_permission"}}, {"model": "auth.permission", "pk": 9, "fields": {"name": "Can add group", "content_type": 3, "codename": "add_group"}}, {"model": "auth.permission", "pk": 10, "fields": {"name": "Can change group", "content_type": 3, "codename": "change_group"}}, {"model": "auth.permission", "pk": 11, "fields": {"name": "Can delete group", "content_type": 3, "codename": "delete_group"}}, {"model": "auth.permission", "pk": 12, "fields": {"name": "Can view group", "content_type": 3, "codename": "view_group"}}, {"model": "auth.permission", "pk": 13, "fields": {"name": "Can add content type", "content_type": 4, "codename": "add_contenttype"}}, {"model": "auth.permission", "pk": 14, "fields": {"name": "Can change content type", "content_type": 4, "codename": "change_contenttype"}}, {"model": "auth.permission", "pk": 15, "fields": {"name": "Can delete content type", "content_type": 4, "codename": "delete_contenttype"}}, {"model": "auth.permission", "pk": 16, "fields": {"name": "Can view content type", "content_type": 4, "codename": "view_contenttype"}}, {"model": "auth.permission", "pk": 17, "fields": {"name": "Can add session", "content_type": 5, "codename": "add_session"}}, {"model": "auth.permission", "pk": 18, "fields": {"name": "Can change session", "content_type": 5, "codename": "change_session"}}, {"model": "auth.permission", "pk": 19, "fields": {"name": "Can delete session", "content_type": 5, "codename": "delete_session"}}, {"model": "auth.permission", "pk": 20, "fields": {"name": "Can view session", "content_type": 5, "codename": "view_session"}}, {"model": "auth.permission", "pk": 21, "fields": {"name": "Can add Учетную запись", "content_type": 6, "codename": "add_account"}}, {"model": "auth.permission", "pk": 22, "fields": {"name": "Can change Учетную запись", "content_type": 6, "codename": "change_account"}}, {"model": "auth.permission", "pk": 23, "fields": {"name": "Can delete Учетную запись", "content_type": 6, "codename": "delete_account"}}, {"model": "auth.permission", "pk": 24, "fields": {"name": "Can view Учетную запись", "content_type": 6, "codename": "view_account"}}, {"model": "auth.permission", "pk": 25, "fields": {"name": "Can add Пост", "content_type": 7, "codename": "add_post"}}, {"model": "auth.permission", "pk": 26, "fields": {"name": "Can change Пост", "content_type": 7, "codename": "change_post"}}, {"model": "auth.permission", "pk": 27, "fields": {"name": "Can delete Пост", "content_type": 7, "codename": "delete_post"}}, {"model": "auth.permission", "pk": 28, "fields": {"name": "Can view Пост", "content_type": 7, "codename": "view_post"}}, {"model": "auth.permission", "pk": 29, "fields": {"name": "Can add tag", "content_type": 8, "codename": "add_tag"}}, {"model": "auth.permission", "pk": 30, "fields": {"name": "Can change tag", "content_type": 8, "codename": "change_tag"}}, {"model": "auth.permission", "pk": 31, "fields": {"name": "Can delete tag", "content_type": 8, "codename": "delete_tag"}}, {"model": "auth.permission", "pk": 32, "fields": {"name": "Can view tag", "content_type": 8, "codename": "view_tag"}}, {"model": "auth.permission", "pk": 33, "fields": {"name": "Can add tagged item", "content_type": 9, "codename": "add_taggeditem"}}, {"model": "auth.permission", "pk": 34, "fields": {"name": "Can change tagged item", "content_type": 9, "codename": "change_taggeditem"}}, {"model": "auth.permission", "pk": 35, "fields": {"name": "Can delete tagged item", "content_type": 9, "codename": "delete_taggeditem"}}, {"model": "auth.permission", "pk": 36, "fields": {"name": "Can view tagged item", "content_type": 9, "codename": "view_taggeditem"}}, {"model": "auth.permission", "pk": 37, "fields": {"name": "Can add Комментарий", "content_type": 10, "codename": "add_comment"}}, {"model": "auth.permission", "pk": 38, "fields": {"name": "Can change Комментарий", "content_type": 10, "codename": "change_comment"}}, {"model": "auth.permission", "pk": 39, "fields": {"name": "Can delete Комментарий", "content_type": 10, "codename": "delete_comment"}}, {"model": "auth.permission", "pk": 40, "fields": {"name": "Can view Комментарий", "content_type": 10, "codename": "view_comment"}}, {"model": "auth.permission", "pk": 41, "fields": {"name": "Can add Подписка", "content_type": 11, "codename": "add_follower"}}, {"model": "auth.permission", "pk": 42, "fields": {"name": "Can change Подписка", "content_type": 11, "codename": "change_follower"}}, {"model": "auth.permission", "pk": 43, "fields": {"name": "Can delete Подписка", "content_type": 11, "codename": "delete_follower"}}, {"model": "auth.permission", "pk": 44, "fields": {"name": "Can view Подписка", "content_type": 11, "codename": "view_follower"}}, {"model": "auth.permission", "pk": 45, "fields": {"name": "Can add like", "content_type": 12, "codename": "add_like"}}, {"model": "auth.permission", "pk": 46, "fields": {"name": "Can change like", "content_type": 12, "codename": "change_like"}}, {"model": "auth.permission", "pk": 47, "fields": {"name": "Can delete like", "content_type": 12, "codename": "delete_like"}}, {"model": "auth.permission", "pk": 48, "fields": {"name": "Can view like", "content_type": 12, "codename": "view_like"}}, {"model": "auth.permission", "pk": 49, "fields": {"name": "Can add image", "content_type": 13, "codename": "add_image"}}, {"model": "auth.permission", "pk": 50, "fields": {"name": "Can change image", "content_type": 13, "codename": "change_image"}}, {"model": "auth.permission", "pk": 51, "fields": {"name": "Can delete image", "content_type": 13, "codename": "delete_image"}}, {"model": "auth.permission", "pk": 52, "fields": {"name": "Can view image", "content_type": 13, "codename": "view_image"}}, {"model": "auth.permission", "pk": 53, "fields": {"name": "Can add conversation", "content_type": 14, "codename": "add_conversation"}}, {"model": "auth.permission", "pk": 54, "fields": {"name": "Can change conversation", "content_type": 14, "codename": "change_conversation"}}, {"model": "auth.permission", "pk": 55, "fields": {"name": "Can delete conversation", "content_type": 14, "codename": "delete_conversation"}}, {"model": "auth.permission", "pk": 56, "fields": {"name": "Can view conversation", "content_type": 14, "codename": "view_conversation"}}, {"model": "auth.permission", "pk": 57, "fields": {"name": "Can add message", "content_type": 15, "codename": "add_message"}}, {"model": "auth.permission", "pk": 58, "fields": {"name": "Can change message", "content_type": 15, "codename": "change_message"}}, {"model": "auth.permission", "pk": 59, "fields": {"name": "Can delete message", "content_type": 15, "codename": "delete_message"}}, {"model": "auth.permission", "pk": 60, "fields": {"name": "Can view message", "content_type": 15, "codename": "view_message"}}, {"model": "auth.permission", "pk": 61, "fields": {"name": "Can add Видео", "content_type": 16, "codename": "add_video"}}, {"model": "auth.permission", "pk": 62, "fields": {"name": "Can change Видео", "content_type": 16, "codename": "change_video"}}, {"model": "auth.permission", "pk": 63, "fields": {"name": "Can delete Видео", "content_type": 16, "codename": "delete_video"}}, {"model": "auth.permission", "pk": 64, "fields": {"name": "Can view Видео", "content_type": 16, "codename": "view_video"}}, {"model": "auth.permission", "pk": 65, "fields": {"name": "Can add Уведомление", "content_type": 17, "codename": "add_notification"}}, {"model": "auth.permission", "pk": 66, "fields": {"name": "Can change Уведомление", "content_type": 17, "codename": "change_notification"}}, {"model": "auth.permission", "pk": 67, "fields": {"name": "Can delete Уведомление", "content_type": 17, "codename": "delete_notification"}}, {"model": "auth.permission", "pk": 68, "fields": {"name": "Can view Уведомление", "content_type": 17, "codename": "view_notification"}}, {"model": "auth.permission", "pk": 69, "fields": {"name": "Can add Подписка", "content_type": 18, "codename": "add_follower"}}, {"model": "auth.permission", "pk": 70, "fields": {"name": "Can change Подписка", "content_type": 18, "codename": "change_follower"}}, {"model": "auth.permission", "pk": 71, "fields": {"name": "Can delete Подписка", "content_type": 18, "codename": "delete_follower"}}, {"model": "auth.permission", "pk": 72, "fields": {"name": "Can view Подписка", "content_type": 18, "codename": "view_follower"}}, {"model": "contenttypes.contenttype", "pk": 1, "fields": {"app_label": "admin", "model": "logentry"}}, {"model": "contenttypes.contenttype", "pk": 2, "fields": {"app_label": "auth", "model": "permission"}}, {"model": "contenttypes.contenttype", "pk": 3, "fields": {"app_label": "auth", "model": "group"}}, {"model": "contenttypes.contenttype", "pk": 4, "fields": {"app_label": "contenttypes", "model": "contenttype"}}, {"model": "contenttypes.contenttype", "pk": 5, "fields": {"app_label": "sessions", "model": "session"}}, {"model": "contenttypes.contenttype", "pk": 6, "fields": {"app_label": "accounts", "model": "account"}}, {"model": "contenttypes.contenttype", "pk": 7, "fields": {"app_label": "posts", "model": "post"}}, {"model": "contenttypes.contenttype", "pk": 8, "fields": {"app_label": "taggit", "model": "tag"}}, {"model": "contenttypes.contenttype", "pk": 9, "fields": {"app_label": "taggit", "model": "taggeditem"}}, {"model": "contenttypes.contenttype", "pk": 10, "fields": {"app_label": "posts", "model": "comment"}}, {"model": "contenttypes.contenttype", "pk": 11, "fields": {"app_label": "accounts", "model": "follower"}}, {"model": "contenttypes.contenttype", "pk": 12, "fields": {"app_label": "posts", "model": "like"}}, {"model": "contenttypes.contenttype", "pk": 13, "fields": {"app_label": "posts", "model": "image"}}, {"model": "contenttypes.contenttype", "pk": 14, "fields": {"app_label": "chat", "model": "conversation"}}, {"model": "contenttypes.contenttype", "pk": 15, "fields": {"app_label": "chat", "model": "message"}}, {"model": "contenttypes.contenttype", "pk": 16, "fields": {"app_label": "posts", "model": "video"}}, {"model": "contenttypes.contenttype", "pk": 17, "fields": {"app_label": "notifications", "model": "notification"}}, {"model": "contenttypes.contenttype", "pk": 18, "fields": {"app_label": "followers", "model": "follower"}}, {"model": "sessions.session", "pk": "vgopt0yledhv5kd9l4g8lgcy6jaotfdw", "fields": {"session_data": ".eJxVjEEOwiAQRe_C2hBgChSX7nsGMsygVA0kpV0Z765NutDtf-_9l4i4rSVuPS9xZnEWRpx-t4T0yHUHfMd6a5JaXZc5yV2RB-1yapyfl8P9OyjYy7fWKYQMAOTAWKe0u1rjKYDROBJolazC5AevArHyPDCDoTyMWhsg4CzeH7OiNvk:1rYNPI:mmSuh6mgm-KHEd4NZL1ncS7cFNvKneuJKkawJ0vxTXI", "expire_date": "2024-02-23T09:42:52.301Z"}}, {"model": "accounts.account", "pk": 2, "fields": {"password": "pbkdf2_sha256$720000$14WVAyKDJiAwyNjp5oA34u$AcayZWRYrI2C8RKQDhdWfraKrl6bfL89gfr8NlPryeA=", "last_login": "2024-02-09T09:42:52.261Z", "first_name": "Alex", "last_name": "Admin", "username": "admin", "email": "admin@mail.ru", "phone": "", "birthday": null, "gender": "", "description": "", "url": "", "avatar": "avatar/8eea983c8a0511eebd34badf81d486ab_upscaled.jpg", "date_register": "2024-02-09T09:42:22.590Z", "last_join": "2024-02-09T09:42:22.590Z", "is_admin": true, "is_active": true, "is_staff": true, "is_superuser": true}}, {"model": "accounts.account", "pk": 4, "fields": {"password": "pbkdf2_sha256$720000$cVs18Nywk6XHDIZk4fCzC3$gs8dAgkwVKBDX7KJuEWy/L8ksUfhPwRS5zmVl2S569Q=", "last_login": null, "first_name": "test_first_name2", "last_name": "test_last_name2", "username": "test_username2", "email": "test2@mail.ru", "phone": "89111111112", "birthday": null, "gender": "", "description": "", "url": "", "avatar": "avatar/8eea983c8a0511eebd34badf81d486ab_upscaled_abez20Z.jpg", "date_register": "2024-02-09T11:10:25.693Z", "last_join": "2024-02-09T11:10:25.693Z", "is_admin": false, "is_active": true, "is_staff": false, "is_superuser": false}}, {"model": "accounts.account", "pk": 7, "fields": {"password": "pbkdf2_sha256$720000$bIoXCMhCdHbPPinrST74C7$t9yHj07nkRS9g8Ke0aB3mBiNM1MhmiuvNmAliVBuGL8=", "last_login": null, "first_name": "test_first_name4", "last_name": "test_last_name4", "username": "test_username4", "email": "test4@mail.ru", "phone": "89111111114", "birthday": null, "gender": "", "description": "", "url": "", "avatar": "", "date_register": "2024-02-19T13:14:33.576Z", "last_join": "2024-02-19T13:14:33.576Z", "is_admin": false, "is_active": true, "is_staff": false, "is_superuser": false}}, {"model": "accounts.account", "pk": 8, "fields": {"password": "pbkdf2_sha256$720000$NNSPTrMirZwxmYM2F8NHds$0E5MpN2MvIUokCkQUt+uFpSLESAK9DFh+H6b1uOZ73Q=", "last_login": null, "first_name": "test_first_name5", "last_name": "test_last_name5", "username": "test_username5", "email": "test5@mail.ru", "phone": "89111111115", "birthday": null, "gender": "", "description": "", "url": "", "avatar": "avatar/f00f54760e3cdff10acbb4df0c00d7a2_ne7LX6c.jpg", "date_register": "2024-02-19T13:50:44.503Z", "last_join": "2024-02-19T13:50:44.503Z", "is_admin": false, "is_active": true, "is_staff": false, "is_superuser": false}}, {"model": "accounts.account", "pk": 10, "fields": {"password": "pbkdf2_sha256$720000$W3U6GgRZFzZsppjVZkErnV$TcdVJCchutXlmzuezHhUhuMVfZPBEtwdnOIIVENmQik=", "last_login": null, "first_name": "deleted", "last_name": "deleted", "username": "deleted", "email": "deleted@mail.ru", "phone": "deleted", "birthday": null, "gender": "", "description": "", "url": "", "avatar": "", "date_register": "2024-02-26T11:07:47.465Z", "last_join": "2024-02-26T11:07:47.465Z", "is_admin": false, "is_active": true, "is_staff": false, "is_superuser": false}}, {"model": "posts.like", "pk": 5, "fields": {"user": 4, "content_type": 7, "object_id": 3, "notification": null}}, {"model": "posts.like", "pk": 7, "fields": {"user": 8, "content_type": 7, "object_id": 112, "notification": null}}, {"model": "posts.like", "pk": 11, "fields": {"user": 4, "content_type": 7, "object_id": 3, "notification": 4}}, {"model": "posts.like", "pk": 12, "fields": {"user": 4, "content_type": 7, "object_id": 3, "notification": 5}}, {"model": "posts.like", "pk": 13, "fields": {"user": 2, "content_type": 7, "object_id": 3, "notification": 6}}, {"model": "posts.like", "pk": 14, "fields": {"user": 2, "content_type": 7, "object_id": 104, "notification": 7}}, {"model": "posts.post", "pk": 2, "fields": {"name": "картинка", "text": "Свинья с пивом", "created_date": "2024-02-09T11:12:09.424Z", "slug": "kartinka", "avialable_comment": true, "view_count": 2, "author": 2}}, {"model": "posts.post", "pk": 3, "fields": {"name": "Почтальон", "text": "Какой-то почтальон", "created_date": "2024-02-12T07:15:24.535Z", "slug": "pochtalon", "avialable_comment": true, "view_count": 81, "author": 2}}, {"model": "posts.post", "pk": 104, "fields": {"name": "названи1", "text": "какой-то текст", "created_date": "2024-02-16T12:27:44.343Z", "slug": "nazvani1", "avialable_comment": true, "view_count": 0, "author": 4}}, {"model": "posts.post", "pk": 105, "fields": {"name": "названи2", "text": "какой-то текст", "created_date": "2024-02-16T12:31:15.368Z", "slug": "nazvani2", "avialable_comment": true, "view_count": 0, "author": 4}}, {"model": "posts.post", "pk": 106, "fields": {"name": "названи3", "text": "какой-то текст", "created_date": "2024-02-16T12:34:18.330Z", "slug": "nazvani3", "avialable_comment": true, "view_count": 0, "author": 4}}, {"model": "posts.post", "pk": 107, "fields": {"name": "названи4", "text": "какой-то текст", "created_date": "2024-02-16T12:35:21.560Z", "slug": "nazvani4", "avialable_comment": true, "view_count": 0, "author": 4}}, {"model": "posts.post", "pk": 108, "fields": {"name": "названи5", "text": "какой-то текст", "created_date": "2024-02-16T13:02:28.257Z", "slug": "nazvani5", "avialable_comment": true, "view_count": 0, "author": 4}}, {"model": "posts.post", "pk": 109, "fields": {"name": "названи6", "text": "какой-то текст", "created_date": "2024-02-16T13:02:52.081Z", "slug": "nazvani6", "avialable_comment": true, "view_count": 0, "author": 4}}, {"model": "posts.post", "pk": 110, "fields": {"name": "названи7", "text": "какой-то текст", "created_date": "2024-02-16T13:11:40.751Z", "slug": "nazvani7", "avialable_comment": true, "view_count": 0, "author": 4}}, {"model": "posts.post", "pk": 111, "fields": {"name": "названи8", "text": "какой-то текст", "created_date": "2024-02-16T13:14:45.212Z", "slug": "nazvani8", "avialable_comment": true, "view_count": 0, "author": 4}}, {"model": "posts.post", "pk": 112, "fields": {"name": "названи9", "text": "какой-то текст", "created_date": "2024-02-16T13:19:16.976Z", "slug": "nazvani9", "avialable_comment": true, "view_count": 8, "author": 4}}, {"model": "posts.post", "pk": 120, "fields": {"name": "Тест", "text": "", "created_date": "2024-02-28T12:26:33.273Z", "slug": "test", "avialable_comment": false, "view_count": 3, "author": 4}}, {"model": "posts.post", "pk": 121, "fields": {"name": "Тест", "text": "", "created_date": "2024-02-28T13:34:50.319Z", "slug": "test-ea928d9f", "avialable_comment": false, "view_count": 0, "author": 4}}, {"model": "posts.post", "pk": 122, "fields": {"name": "Тест", "text": "", "created_date": "2024-02-28T13:37:07.396Z", "slug": "test-9452ccf2", "avialable_comment": false, "view_count": 0, "author": 4}}, {"model": "posts.post", "pk": 123, "fields": {"name": "Тест", "text": "", "created_date": "2024-02-28T13:40:15.308Z", "slug": "test-c1c7cc0d", "avialable_comment": false, "view_count": 0, "author": 4}}, {"model": "posts.post", "pk": 124, "fields": {"name": "Тест", "text": "", "created_date": "2024-02-28T13:54:39.934Z", "slug": "test-5e490aa2", "avialable_comment": false, "view_count": 0, "author": 4}}, {"model": "posts.post", "pk": 125, "fields": {"name": "Тест", "text": "", "created_date": "2024-02-28T13:57:10.040Z", "slug": "test-e36bfdb4", "avialable_comment": false, "view_count": 0, "author": 4}}, {"model": "posts.post", "pk": 126, "fields": {"name": "Тест", "text": "", "created_date": "2024-02-28T13:59:47.860Z", "slug": "test-1de3008d", "avialable_comment": false, "view_count": 0, "author": 4}}, {"model": "posts.post", "pk": 127, "fields": {"name": "Тест", "text": "", "created_date": "2024-02-28T14:03:37.677Z", "slug": "test-ae2d00d4", "avialable_comment": false, "view_count": 0, "author": 4}}, {"model": "posts.post", "pk": 128, "fields": {"name": "Тест", "text": "", "created_date": "2024-02-28T14:05:30.541Z", "slug": "test-f877909d", "avialable_comment": false, "view_count": 0, "author": 4}}, {"model": "posts.post", "pk": 129, "fields": {"name": "Тест", "text": "", "created_date": "2024-02-28T14:08:19.692Z", "slug": "test-c478484a", "avialable_comment": false, "view_count": 0, "author": 4}}, {"model": "posts.post", "pk": 130, "fields": {"name": "Тест", "text": "", "created_date": "2024-02-28T14:09:25.757Z", "slug": "test-b6bdceb9", "avialable_comment": false, "view_count": 0, "author": 4}}, {"model": "posts.post", "pk": 131, "fields": {"name": "Тест", "text": "", "created_date": "2024-02-28T14:10:29.562Z", "slug": "test-ca40a5c3", "avialable_comment": false, "view_count": 0, "author": 4}}, {"model": "posts.post", "pk": 132, "fields": {"name": "Тест", "text": "", "created_date": "2024-02-28T14:23:02.897Z", "slug": "test-cb1fd3d7", "avialable_comment": false, "view_count": 0, "author": 4}}, {"model": "posts.post", "pk": 133, "fields": {"name": "Тест", "text": "", "created_date": "2024-02-28T14:29:14.027Z", "slug": "test-d9632205", "avialable_comment": false, "view_count": 0, "author": 4}}, {"model": "posts.post", "pk": 134, "fields": {"name": "Тест", "text": "", "created_date": "2024-02-28T14:32:27.424Z", "slug": "test-aa629ef0", "avialable_comment": false, "view_count": 0, "author": 4}}, {"model": "posts.post", "pk": 135, "fields": {"name": "Тест", "text": "", "created_date": "2024-02-28T14:34:31.210Z", "slug": "test-cffb4e36", "avialable_comment": false, "view_count": 0, "author": 4}}, {"model": "posts.post", "pk": 136, "fields": {"name": "Тест", "text": "", "created_date": "2024-02-28T14:35:39.586Z", "slug": "test-df165748", "avialable_comment": false, "view_count": 0, "author": 4}}, {"model": "posts.post", "pk": 137, "fields": {"name": "Тест", "text": "", "created_date": "2024-02-28T14:37:10.278Z", "slug": "test-5e649723", "avialable_comment": false, "view_count": 0, "author": 4}}, {"model": "posts.post", "pk": 138, "fields": {"name": "Тест", "text": "", "created_date": "2024-02-28T14:42:12.504Z", "slug": "test-b9b67f05", "avialable_comment": false, "view_count": 0, "author": 4}}, {"model": "posts.post", "pk": 139, "fields": {"name": "Тест", "text": "", "created_date": "2024-02-28T14:53:35.817Z", "slug": "test-fc3fe90e", "avialable_comment": false, "view_count": 0, "author": 4}}, {"model": "posts.post", "pk": 140, "fields": {"name": "Тест", "text": "", "created_date": "2024-02-28T14:58:35.085Z", "slug": "test-a07adf1d", "avialable_comment": false, "view_count": 0, "author": 4}}, {"model": "posts.post", "pk": 141, "fields": {"name": "Тест", "text": "", "created_date": "2024-02-28T15:00:57.738Z", "slug": "test-e10246f2", "avialable_comment": false, "view_count": 3, "author": 4}}, {"model": "posts.post", "pk": 142, "fields": {"name": "Тест", "text": "", "created_date": "2024-02-28T15:05:39.179Z", "slug": "test-464e7968", "avialable_comment": false, "view_count": 0, "author": 4}}, {"model": "posts.post", "pk": 143, "fields": {"name": "Тест", "text": "", "created_date": "2024-02-28T15:06:11.189Z", "slug": "test-a688ec5a", "avialable_comment": false, "view_count": 0, "author": 4}}, {"model": "posts.post", "pk": 144, "fields": {"name": "Тест", "text": "", "created_date": "2024-02-28T15:08:43.623Z", "slug": "test-f7f8f370", "avialable_comment": false, "view_count": 0, "author": 4}}, {"model": "posts.post", "pk": 145, "fields": {"name": "Тест", "text": "", "created_date": "2024-02-28T15:10:03.931Z", "slug": "test-b5d52652", "avialable_comment": false, "view_count": 0, "author": 4}}, {"model": "posts.post", "pk": 146, "fields": {"name": "Тест", "text": "", "created_date": "2024-02-28T15:10:14.381Z", "slug": "test-8c7f5757", "avialable_comment": false, "view_count": 0, "author": 4}}, {"model": "posts.post", "pk": 147, "fields": {"name": "Тест", "text": "", "created_date": "2024-02-28T15:11:28.058Z", "slug": "test-fa3d092e", "avialable_comment": false, "view_count": 0, "author": 4}}, {"model": "posts.post", "pk": 148, "fields": {"name": "Тест", "text": "", "created_date": "2024-02-28T15:12:51.297Z", "slug": "test-30b082c3", "avialable_comment": false, "view_count": 0, "author": 4}}, {"model": "posts.post", "pk": 149, "fields": {"name": "Тест", "text": "", "created_date": "2024-02-28T15:14:52.195Z", "slug": "test-f29cbfaa", "avialable_comment": false, "view_count": 0, "author": 4}}, {"model": "posts.post", "pk": 150, "fields": {"name": "Тест", "text": "", "created_date": "2024-02-28T15:17:34.193Z", "slug": "test-789adb2a", "avialable_comment": false, "view_count": 0, "author": 4}}, {"model": "posts.post", "pk": 151, "fields": {"name": "Тест", "text": "", "created_date": "2024-02-28T15:28:28.095Z", "slug": "test-3d686138", "avialable_comment": false, "view_count": 0, "author": 4}}, {"model": "posts.post", "pk": 152, "fields": {"name": "Тест", "text": "", "created_date": "2024-02-28T15:29:24.496Z", "slug": "test-08127140", "avialable_comment": false, "view_count": 0, "author": 4}}, {"model": "posts.post", "pk": 153, "fields": {"name": "Тест", "text": "", "created_date": "2024-02-28T15:33:57.532Z", "slug": "test-4ba537b9", "avialable_comment": false, "view_count": 0, "author": 4}}, {"model": "posts.post", "pk": 154, "fields": {"name": "Тест", "text": "", "created_date": "2024-02-29T08:12:22.235Z", "slug": "test-f1af4787", "avialable_comment": false, "view_count": 0, "author": 4}}, {"model": "posts.post", "pk": 155, "fields": {"name": "Тест", "text": "", "created_date": "2024-02-29T08:37:02.062Z", "slug": "test-22a1e666", "avialable_comment": false, "view_count": 0, "author": 4}}, {"model": "posts.post", "pk": 156, "fields": {"name": "Тест", "text": "", "created_date": "2024-02-29T08:39:24.043Z", "slug": "test-c888f5f6", "avialable_comment": false, "view_count": 0, "author": 4}}, {"model": "posts.post", "pk": 157, "fields": {"name": "Тест", "text": "", "created_date": "2024-02-29T08:41:07.632Z", "slug": "test-85a706d0", "avialable_comment": false, "view_count": 0, "author": 4}}, {"model": "posts.post", "pk": 158, "fields": {"name": "Тест", "text": "", "created_date": "2024-02-29T08:48:40.283Z", "slug": "test-97fac53f", "avialable_comment": false, "view_count": 0, "author": 2}}, {"model": "posts.post", "pk": 159, "fields": {"name": "Тест", "text": "", "created_date": "2024-02-29T08:54:56.199Z", "slug": "test-11938628", "avialable_comment": false, "view_count": 0, "author": 4}}, {"model": "posts.post", "pk": 160, "fields": {"name": "Тест", "text": "", "created_date": "2024-02-29T08:55:44.061Z", "slug": "test-028b249b", "avialable_comment": false, "view_count": 0, "author": 4}}, {"model": "posts.post", "pk": 161, "fields": {"name": "Тест", "text": "", "created_date": "2024-02-29T08:58:44.267Z", "slug": "test-6391a374", "avialable_comment": false, "view_count": 0, "author": 4}}, {"model": "posts.post", "pk": 162, "fields": {"name": "Тест", "text": "", "created_date": "2024-02-29T09:00:01.706Z", "slug": "test-c35ff1e4", "avialable_comment": false, "view_count": 0, "author": 4}}, {"model": "posts.post", "pk": 163, "fields": {"name": "Тест", "text": "", "created_date": "2024-02-29T09:02:44.168Z", "slug": "test-fc205f50", "avialable_comment": false, "view_count": 0, "author": 4}}, {"model": "posts.post", "pk": 164, "fields": {"name": "Тест", "text": "", "created_date": "2024-02-29T09:49:48.349Z", "slug": "test-314b7ac2", "avialable_comment": false, "view_count": 0, "author": 4}}, {"model": "posts.post", "pk": 165, "fields": {"name": "Тест", "text": "", "created_date": "2024-02-29T09:51:22.122Z", "slug": "test-38e9c0ef", "avialable_comment": false, "view_count": 0, "author": 4}}, {"model": "posts.post", "pk": 166, "fields": {"name": "Тест", "text": "", "created_date": "2024-02-29T10:00:52.726Z", "slug": "test-722252c3", "avialable_comment": false, "view_count": 2, "author": 4}}, {"model": "posts.post", "pk": 167, "fields": {"name": "Тест", "text": "", "created_date": "2024-02-29T10:08:05.866Z", "slug": "test-24c999f8", "avialable_comment": false, "view_count": 0, "author": 4}}, {"model": "posts.post", "pk": 168, "fields": {"name": "Тест", "text": "", "created_date": "2024-02-29T13:20:32.755Z", "slug": "test-7f04ec82", "avialable_comment": false, "view_count": 0, "author": 4}}, {"model": "posts.post", "pk": 169, "fields": {"name": "Тест", "text": "", "created_date": "2024-03-07T14:27:46.611Z", "slug": "test-02e32694", "avialable_comment": false, "view_count": 0, "author": 2}}, {"model": "posts.post", "pk": 170, "fields": {"name": "Тест", "text": "", "created_date": "2024-03-11T11:30:10.520Z", "slug": "test-ab61243a", "avialable_comment": false, "view_count": 0, "author": 2}}, {"model": "posts.post", "pk": 171, "fields": {"name": "Тест", "text": "", "created_date": "2024-03-11T11:56:54.730Z", "slug": "test-a3fb6650", "avialable_comment": false, "view_count": 0, "author": 2}}, {"model": "posts.image", "pk": 1, "fields": {"post": 140, "image": "8eea983c8a0511eebd34badf81d486ab_upscaled.jpg"}}, {"model": "posts.image", "pk": 2, "fields": {"post": 141, "image": "f00f54760e3cdff10acbb4df0c00d7a2_7WBgDVw.jpg"}}, {"model": "posts.image", "pk": 3, "fields": {"post": 141, "image": "8eea983c8a0511eebd34badf81d486ab_upscaled_gRUbH3K.jpg"}}, {"model": "posts.image", "pk": 4, "fields": {"post": 142, "image": "f00f54760e3cdff10acbb4df0c00d7a2_sepEFQt.jpg"}}, {"model": "posts.image", "pk": 5, "fields": {"post": 142, "image": "8eea983c8a0511eebd34badf81d486ab_upscaled_0BCQZpc.jpg"}}, {"model": "posts.image", "pk": 6, "fields": {"post": 143, "image": "f00f54760e3cdff10acbb4df0c00d7a2_e0FiapE.jpg"}}, {"model": "posts.image", "pk": 7, "fields": {"post": 143, "image": "8eea983c8a0511eebd34badf81d486ab_upscaled_BAq9i2l.jpg"}}, {"model": "posts.image", "pk": 8, "fields": {"post": 144, "image": "f00f54760e3cdff10acbb4df0c00d7a2_dJ3JTEp.jpg"}}, {"model": "posts.image", "pk": 9, "fields": {"post": 144, "image": "8eea983c8a0511eebd34badf81d486ab_upscaled_KWzV0mP.jpg"}}, {"model": "posts.image", "pk": 10, "fields": {"post": 145, "image": "f00f54760e3cdff10acbb4df0c00d7a2_Xz2tqfh.jpg"}}, {"model": "posts.image", "pk": 11, "fields": {"post": 145, "image": "8eea983c8a0511eebd34badf81d486ab_upscaled_vE3WcWQ.jpg"}}, {"model": "posts.image", "pk": 12, "fields": {"post": 153, "image": "f00f54760e3cdff10acbb4df0c00d7a2_XayNljj.jpg"}}, {"model": "posts.image", "pk": 13, "fields": {"post": 153, "image": "8eea983c8a0511eebd34badf81d486ab_upscaled_453Qbda.jpg"}}, {"model": "posts.image", "pk": 14, "fields": {"post": 154, "image": "f00f54760e3cdff10acbb4df0c00d7a2_EZXo9BW.jpg"}}, {"model": "posts.image", "pk": 15, "fields": {"post": 154, "image": "8eea983c8a0511eebd34badf81d486ab_upscaled_r4Y4Wa1.jpg"}}, {"model": "posts.image", "pk": 16, "fields": {"post": 155, "image": "f00f54760e3cdff10acbb4df0c00d7a2_PdGjwFu.jpg"}}, {"model": "posts.image", "pk": 17, "fields": {"post": 155, "image": "8eea983c8a0511eebd34badf81d486ab_upscaled_PPm0YJK.jpg"}}, {"model": "posts.image", "pk": 18, "fields": {"post": 156, "image": "f00f54760e3cdff10acbb4df0c00d7a2_dZHd5vC.jpg"}}, {"model": "posts.image", "pk": 19, "fields": {"post": 156, "image": "8eea983c8a0511eebd34badf81d486ab_upscaled_3pfWD7n.jpg"}}, {"model": "posts.image", "pk": 20, "fields": {"post": 157, "image": "f00f54760e3cdff10acbb4df0c00d7a2_uWmIWxg.jpg"}}, {"model": "posts.image", "pk": 21, "fields": {"post": 157, "image": "8eea983c8a0511eebd34badf81d486ab_upscaled_6BeSbGZ.jpg"}}, {"model": "posts.image", "pk": 22, "fields": {"post": 158, "image": "f00f54760e3cdff10acbb4df0c00d7a2_SsMGWO8.jpg"}}, {"model": "posts.image", "pk": 23, "fields": {"post": 158, "image": "8eea983c8a0511eebd34badf81d486ab_upscaled_GNqPpaI.jpg"}}, {"model": "posts.image", "pk": 24, "fields": {"post": 159, "image": "f00f54760e3cdff10acbb4df0c00d7a2_Qqd8kOi.jpg"}}, {"model": "posts.image", "pk": 25, "fields": {"post": 159, "image": "8eea983c8a0511eebd34badf81d486ab_upscaled_RF3Gp7f.jpg"}}, {"model": "posts.image", "pk": 26, "fields": {"post": 160, "image": "f00f54760e3cdff10acbb4df0c00d7a2_VeZvjeB.jpg"}}, {"model": "posts.image", "pk": 27, "fields": {"post": 160, "image": "8eea983c8a0511eebd34badf81d486ab_upscaled_Q9z8cjc.jpg"}}, {"model": "posts.image", "pk": 28, "fields": {"post": 161, "image": "f00f54760e3cdff10acbb4df0c00d7a2_QXj17HO.jpg"}}, {"model": "posts.image", "pk": 29, "fields": {"post": 161, "image": "8eea983c8a0511eebd34badf81d486ab_upscaled_UJsrZU7.jpg"}}, {"model": "posts.image", "pk": 30, "fields": {"post": 162, "image": "f00f54760e3cdff10acbb4df0c00d7a2_1FZPzuI.jpg"}}, {"model": "posts.image", "pk": 31, "fields": {"post": 162, "image": "8eea983c8a0511eebd34badf81d486ab_upscaled_MsU45h3.jpg"}}, {"model": "posts.image", "pk": 32, "fields": {"post": 163, "image": "f00f54760e3cdff10acbb4df0c00d7a2_0koHZtv.jpg"}}, {"model": "posts.image", "pk": 33, "fields": {"post": 163, "image": "8eea983c8a0511eebd34badf81d486ab_upscaled_dQ3uGig.jpg"}}, {"model": "posts.image", "pk": 34, "fields": {"post": 164, "image": "f00f54760e3cdff10acbb4df0c00d7a2_9P3LEeU.jpg"}}, {"model": "posts.image", "pk": 35, "fields": {"post": 164, "image": "8eea983c8a0511eebd34badf81d486ab_upscaled_Z48G1N8.jpg"}}, {"model": "posts.image", "pk": 36, "fields": {"post": 165, "image": "f00f54760e3cdff10acbb4df0c00d7a2_0rUVMzq.jpg"}}, {"model": "posts.image", "pk": 37, "fields": {"post": 165, "image": "8eea983c8a0511eebd34badf81d486ab_upscaled_AiKVlBs.jpg"}}, {"model": "posts.image", "pk": 38, "fields": {"post": 165, "image": ""}}, {"model": "posts.image", "pk": 39, "fields": {"post": 166, "image": "f00f54760e3cdff10acbb4df0c00d7a2_pIcaedr.jpg"}}, {"model": "posts.image", "pk": 40, "fields": {"post": 166, "image": "8eea983c8a0511eebd34badf81d486ab_upscaled_aBsbUMb.jpg"}}, {"model": "posts.image", "pk": 41, "fields": {"post": 167, "image": "f00f54760e3cdff10acbb4df0c00d7a2_eRMsWuA.jpg"}}, {"model": "posts.image", "pk": 42, "fields": {"post": 167, "image": "8eea983c8a0511eebd34badf81d486ab_upscaled_VRwWGpW.jpg"}}, {"model": "posts.image", "pk": 43, "fields": {"post": 168, "image": "f00f54760e3cdff10acbb4df0c00d7a2_nZ9H3Wg.jpg"}}, {"model": "posts.image", "pk": 44, "fields": {"post": 168, "image": "8eea983c8a0511eebd34badf81d486ab_upscaled_k2vZK7h.jpg"}}, {"model": "posts.image", "pk": 45, "fields": {"post": 169, "image": "8eea983c8a0511eebd34badf81d486ab_upscaled_cmPRcuf.jpg"}}, {"model": "posts.image", "pk": 46, "fields": {"post": 170, "image": "8eea983c8a0511eebd34badf81d486ab_upscaled_bmqDIiL.jpg"}}, {"model": "posts.image", "pk": 47, "fields": {"post": 171, "image": "8eea983c8a0511eebd34badf81d486ab_upscaled_8wJJmU1.jpg"}}, {"model": "posts.video", "pk": 1, "fields": {"post": 170, "video": "5422740895210421970.webm"}}, {"model": "posts.video", "pk": 2, "fields": {"post": 171, "video": "5422740895210421970_Cl2rbnT.webm"}}, {"model": "posts.comment", "pk": 2, "fields": {"post": 2, "author": 8, "parent": null, "text": "Text of new comment", "created_date": "2024-02-20T13:47:38.375Z", "update_date": "2024-02-20T13:47:38.375Z", "deleted": false, "notification": null, "lft": 1, "rght": 2, "tree_id": 2, "level": 0}}, {"model": "posts.comment", "pk": 3, "fields": {"post": 3, "author": 8, "parent": null, "text": "Text of new comment", "created_date": "2024-02-20T13:52:07.680Z", "update_date": "2024-02-20T13:52:07.680Z", "deleted": false, "notification": null, "lft": 2, "rght": 5, "tree_id": 1, "level": 1}}, {"model": "posts.comment", "pk": 4, "fields": {"post": 3, "author": 8, "parent": 3, "text": "Text of new comment", "created_date": "2024-02-20T13:55:15.273Z", "update_date": "2024-02-20T14:29:49.917Z", "deleted": true, "notification": null, "lft": 3, "rght": 4, "tree_id": 1, "level": 2}}, {"model": "posts.comment", "pk": 5, "fields": {"post": 3, "author": 8, "parent": null, "text": "Text of new comment", "created_date": "2024-02-20T14:11:31.242Z", "update_date": "2024-02-20T14:32:45.376Z", "deleted": true, "notification": null, "lft": 1, "rght": 6, "tree_id": 3, "level": 0}}, {"model": "posts.comment", "pk": 6, "fields": {"post": 3, "author": 8, "parent": 5, "text": "Text", "created_date": "2024-02-20T14:31:33.190Z", "update_date": "2024-02-20T14:31:33.190Z", "deleted": false, "notification": null, "lft": 2, "rght": 5, "tree_id": 3, "level": 1}}, {"model": "posts.comment", "pk": 7, "fields": {"post": 3, "author": 8, "parent": 6, "text": "Text", "created_date": "2024-02-20T14:31:54.883Z", "update_date": "2024-02-20T14:31:54.883Z", "deleted": false, "notification": null, "lft": 3, "rght": 4, "tree_id": 3, "level": 2}}, {"model": "posts.comment", "pk": 8, "fields": {"post": 2, "author": 2, "parent": null, "text": "text", "created_date": "2024-02-21T13:23:25.958Z", "update_date": "2024-02-21T13:23:25.958Z", "deleted": false, "notification": null, "lft": 1, "rght": 2, "tree_id": 4, "level": 0}}, {"model": "posts.comment", "pk": 9, "fields": {"post": 2, "author": 2, "parent": null, "text": "text1", "created_date": "2024-02-21T13:24:05.514Z", "update_date": "2024-02-21T13:24:05.514Z", "deleted": false, "notification": null, "lft": 1, "rght": 2, "tree_id": 5, "level": 0}}, {"model": "posts.comment", "pk": 11, "fields": {"post": 112, "author": 2, "parent": null, "text": "Text", "created_date": "2024-02-22T09:44:35.682Z", "update_date": "2024-02-22T09:44:35.682Z", "deleted": false, "notification": null, "lft": 2, "rght": 3, "tree_id": 6, "level": 1}}, {"model": "posts.comment", "pk": 16, "fields": {"post": 3, "author": 2, "parent": null, "text": "test", "created_date": "2024-02-22T09:56:09.476Z", "update_date": "2024-02-22T09:56:09.476Z", "deleted": false, "notification": null, "lft": 2, "rght": 9, "tree_id": 7, "level": 1}}, {"model": "posts.comment", "pk": 22, "fields": {"post": 3, "author": 10, "parent": null, "text": "test6", "created_date": "2024-02-26T11:26:23.723Z", "update_date": "2024-02-26T11:33:20.987Z", "deleted": false, "notification": null, "lft": 1, "rght": 4, "tree_id": 8, "level": 0}}, {"model": "posts.comment", "pk": 23, "fields": {"post": 3, "author": 2, "parent": 22, "text": "test6", "created_date": "2024-02-26T11:27:28.408Z", "update_date": "2024-02-26T11:27:28.408Z", "deleted": false, "notification": null, "lft": 2, "rght": 3, "tree_id": 8, "level": 1}}, {"model": "posts.comment", "pk": 24, "fields": {"post": 3, "author": 4, "parent": null, "text": "text", "created_date": "2024-03-18T13:20:01.750Z", "update_date": "2024-03-18T13:20:01.750Z", "deleted": false, "notification": 3, "lft": 1, "rght": 2, "tree_id": 9, "level": 0}}, {"model": "taggit.tag", "pk": 1, "fields": {"name": "свинья", "slug": "свинья"}}, {"model": "taggit.tag", "pk": 2, "fields": {"name": "есть", "slug": "есть"}}, {"model": "taggit.tag", "pk": 142, "fields": {"name": "название, ggg", "slug": "название-ggg"}}, {"model": "taggit.tag", "pk": 143, "fields": {"name": "[название, ggg]", "slug": "название-ggg_1"}}, {"model": "taggit.tag", "pk": 144, "fields": {"name": "[\"название\", \"ggg\"]", "slug": "название-ggg_2"}}, {"model": "taggit.tag", "pk": 145, "fields": {"name": "vcxvcxz", "slug": "vcxvcxz"}}, {"model": "taggit.tag", "pk": 146, "fields": {"name": "asdfdsf", "slug": "asdfdsf"}}, {"model": "taggit.tag", "pk": 147, "fields": {"name": "фото", "slug": "фото"}}, {"model": "taggit.tag", "pk": 148, "fields": {"name": "почтальон", "slug": "почтальон"}}, {"model": "taggit.tag", "pk": 149, "fields": {"name": "foto", "slug": "foto"}}, {"model": "taggit.tag", "pk": 150, "fields": {"name": "testtag", "slug": "testtag"}}, {"model": "taggit.taggeditem", "pk": 1, "fields": {"tag": 1, "content_type": 7, "object_id": 1}}, {"model": "taggit.taggeditem", "pk": 2, "fields": {"tag": 1, "content_type": 7, "object_id": 2}}, {"model": "taggit.taggeditem", "pk": 287, "fields": {"tag": 142, "content_type": 7, "object_id": 104}}, {"model": "taggit.taggeditem", "pk": 288, "fields": {"tag": 142, "content_type": 7, "object_id": 107}}, {"model": "taggit.taggeditem", "pk": 289, "fields": {"tag": 142, "content_type": 7, "object_id": 108}}, {"model": "taggit.taggeditem", "pk": 290, "fields": {"tag": 143, "content_type": 7, "object_id": 109}}, {"model": "taggit.taggeditem", "pk": 291, "fields": {"tag": 144, "content_type": 7, "object_id": 110}}, {"model": "taggit.taggeditem", "pk": 292, "fields": {"tag": 145, "content_type": 7, "object_id": 111}}, {"model": "taggit.taggeditem", "pk": 293, "fields": {"tag": 146, "content_type": 7, "object_id": 111}}, {"model": "taggit.taggeditem", "pk": 294, "fields": {"tag": 145, "content_type": 7, "object_id": 112}}, {"model": "taggit.taggeditem", "pk": 295, "fields": {"tag": 146, "content_type": 7, "object_id": 112}}, {"model": "taggit.taggeditem", "pk": 296, "fields": {"tag": 145, "content_type": 7, "object_id": 113}}, {"model": "taggit.taggeditem", "pk": 297, "fields": {"tag": 146, "content_type": 7, "object_id": 113}}, {"model": "taggit.taggeditem", "pk": 302, "fields": {"tag": 145, "content_type": 7, "object_id": 116}}, {"model": "taggit.taggeditem", "pk": 303, "fields": {"tag": 146, "content_type": 7, "object_id": 116}}, {"model": "taggit.taggeditem", "pk": 310, "fields": {"tag": 149, "content_type": 7, "object_id": 120}}, {"model": "taggit.taggeditem", "pk": 311, "fields": {"tag": 150, "content_type": 7, "object_id": 120}}, {"model": "taggit.taggeditem", "pk": 312, "fields": {"tag": 149, "content_type": 7, "object_id": 146}}, {"model": "taggit.taggeditem", "pk": 313, "fields": {"tag": 150, "content_type": 7, "object_id": 146}}, {"model": "taggit.taggeditem", "pk": 314, "fields": {"tag": 149, "content_type": 7, "object_id": 147}}, {"model": "taggit.taggeditem", "pk": 315, "fields": {"tag": 150, "content_type": 7, "object_id": 147}}, {"model": "taggit.taggeditem", "pk": 316, "fields": {"tag": 149, "content_type": 7, "object_id": 148}}, {"model": "taggit.taggeditem", "pk": 317, "fields": {"tag": 150, "content_type": 7, "object_id": 148}}, {"model": "taggit.taggeditem", "pk": 318, "fields": {"tag": 149, "content_type": 7, "object_id": 149}}, {"model": "taggit.taggeditem", "pk": 319, "fields": {"tag": 150, "content_type": 7, "object_id": 149}}, {"model": "taggit.taggeditem", "pk": 320, "fields": {"tag": 149, "content_type": 7, "object_id": 150}}, {"model": "taggit.taggeditem", "pk": 321, "fields": {"tag": 150, "content_type": 7, "object_id": 150}}, {"model": "taggit.taggeditem", "pk": 322, "fields": {"tag": 149, "content_type": 7, "object_id": 151}}, {"model": "taggit.taggeditem", "pk": 323, "fields": {"tag": 150, "content_type": 7, "object_id": 151}}, {"model": "taggit.taggeditem", "pk": 324, "fields": {"tag": 149, "content_type": 7, "object_id": 152}}, {"model": "taggit.taggeditem", "pk": 325, "fields": {"tag": 150, "content_type": 7, "object_id": 152}}, {"model": "taggit.taggeditem", "pk": 326, "fields": {"tag": 149, "content_type": 7, "object_id": 153}}, {"model": "taggit.taggeditem", "pk": 327, "fields": {"tag": 150, "content_type": 7, "object_id": 153}}, {"model": "taggit.taggeditem", "pk": 328, "fields": {"tag": 149, "content_type": 7, "object_id": 154}}, {"model": "taggit.taggeditem", "pk": 329, "fields": {"tag": 150, "content_type": 7, "object_id": 154}}, {"model": "taggit.taggeditem", "pk": 330, "fields": {"tag": 149, "content_type": 7, "object_id": 155}}, {"model": "taggit.taggeditem", "pk": 331, "fields": {"tag": 150, "content_type": 7, "object_id": 155}}, {"model": "taggit.taggeditem", "pk": 332, "fields": {"tag": 149, "content_type": 7, "object_id": 156}}, {"model": "taggit.taggeditem", "pk": 333, "fields": {"tag": 150, "content_type": 7, "object_id": 156}}, {"model": "taggit.taggeditem", "pk": 334, "fields": {"tag": 149, "content_type": 7, "object_id": 157}}, {"model": "taggit.taggeditem", "pk": 335, "fields": {"tag": 150, "content_type": 7, "object_id": 157}}, {"model": "taggit.taggeditem", "pk": 336, "fields": {"tag": 149, "content_type": 7, "object_id": 158}}, {"model": "taggit.taggeditem", "pk": 337, "fields": {"tag": 150, "content_type": 7, "object_id": 158}}, {"model": "taggit.taggeditem", "pk": 338, "fields": {"tag": 149, "content_type": 7, "object_id": 159}}, {"model": "taggit.taggeditem", "pk": 339, "fields": {"tag": 150, "content_type": 7, "object_id": 159}}, {"model": "taggit.taggeditem", "pk": 340, "fields": {"tag": 149, "content_type": 7, "object_id": 160}}, {"model": "taggit.taggeditem", "pk": 341, "fields": {"tag": 150, "content_type": 7, "object_id": 160}}, {"model": "taggit.taggeditem", "pk": 342, "fields": {"tag": 149, "content_type": 7, "object_id": 161}}, {"model": "taggit.taggeditem", "pk": 343, "fields": {"tag": 150, "content_type": 7, "object_id": 161}}, {"model": "taggit.taggeditem", "pk": 344, "fields": {"tag": 149, "content_type": 7, "object_id": 162}}, {"model": "taggit.taggeditem", "pk": 345, "fields": {"tag": 150, "content_type": 7, "object_id": 162}}, {"model": "taggit.taggeditem", "pk": 346, "fields": {"tag": 149, "content_type": 7, "object_id": 163}}, {"model": "taggit.taggeditem", "pk": 347, "fields": {"tag": 150, "content_type": 7, "object_id": 163}}, {"model": "taggit.taggeditem", "pk": 348, "fields": {"tag": 149, "content_type": 7, "object_id": 164}}, {"model": "taggit.taggeditem", "pk": 349, "fields": {"tag": 150, "content_type": 7, "object_id": 164}}, {"model": "taggit.taggeditem", "pk": 350, "fields": {"tag": 149, "content_type": 7, "object_id": 165}}, {"model": "taggit.taggeditem", "pk": 351, "fields": {"tag": 150, "content_type": 7, "object_id": 165}}, {"model": "taggit.taggeditem", "pk": 352, "fields": {"tag": 149, "content_type": 7, "object_id": 166}}, {"model": "taggit.taggeditem", "pk": 353, "fields": {"tag": 150, "content_type": 7, "object_id": 166}}, {"model": "taggit.taggeditem", "pk": 354, "fields": {"tag": 149, "content_type": 7, "object_id": 167}}, {"model": "taggit.taggeditem", "pk": 355, "fields": {"tag": 150, "content_type": 7, "object_id": 167}}, {"model": "taggit.taggeditem", "pk": 356, "fields": {"tag": 149, "content_type": 7, "object_id": 168}}, {"model": "taggit.taggeditem", "pk": 357, "fields": {"tag": 150, "content_type": 7, "object_id": 168}}, {"model": "taggit.taggeditem", "pk": 358, "fields": {"tag": 149, "content_type": 7, "object_id": 169}}, {"model": "taggit.taggeditem", "pk": 359, "fields": {"tag": 150, "content_type": 7, "object_id": 169}}, {"model": "taggit.taggeditem", "pk": 360, "fields": {"tag": 149, "content_type": 7, "object_id": 170}}, {"model": "taggit.taggeditem", "pk": 361, "fields": {"tag": 150, "content_type": 7, "object_id": 170}}, {"model": "taggit.taggeditem", "pk": 362, "fields": {"tag": 149, "content_type": 7, "object_id": 171}}, {"model": "taggit.taggeditem", "pk": 363, "fields": {"tag": 150, "content_type": 7, "object_id": 171}}, {"model": "chat.conversation", "pk": 1, "fields": {"initiator": 4, "receiver": 2, "start_time": "2024-03-01T15:35:32.955Z"}}, {"model": "chat.conversation", "pk": 2, "fields": {"initiator": 4, "receiver": 7, "start_time": "2024-03-01T15:45:58.425Z"}}, {"model": "chat.conversation", "pk": 3, "fields": {"initiator": 2, "receiver": 7, "start_time": "2024-03-05T08:10:43.881Z"}}, {"model": "chat.conversation", "pk": 5, "fields": {"initiator": 4, "receiver": 8, "start_time": "2024-03-06T06:34:01.442Z"}}, {"model": "chat.conversation", "pk": 6, "fields": {"initiator": 2, "receiver": 8, "start_time": "2024-03-07T10:12:54.725Z"}}, {"model": "chat.conversation", "pk": 7, "fields": {"initiator": 4, "receiver": 4, "start_time": "2024-03-14T12:24:10.018Z"}}, {"model": "chat.message", "pk": 1, "fields": {"sender": 2, "receiver": null, "text": "hello", "attachment": "", "conversation_id": 1, "timestamp": "2024-03-05T09:12:16.521Z", "read": false}}, {"model": "chat.message", "pk": 2, "fields": {"sender": 4, "receiver": null, "text": "hello2", "attachment": "", "conversation_id": 1, "timestamp": "2024-03-05T09:21:57.182Z", "read": false}}, {"model": "chat.message", "pk": 3, "fields": {"sender": 4, "receiver": null, "text": "hello3", "attachment": "", "conversation_id": 1, "timestamp": "2024-03-05T09:25:11.830Z", "read": false}}, {"model": "chat.message", "pk": 4, "fields": {"sender": 4, "receiver": null, "text": "test3", "attachment": "", "conversation_id": 1, "timestamp": "2024-03-05T15:42:43.834Z", "read": false}}, {"model": "chat.message", "pk": 5, "fields": {"sender": 4, "receiver": null, "text": "test3", "attachment": "", "conversation_id": 1, "timestamp": "2024-03-05T15:45:37.127Z", "read": false}}, {"model": "chat.message", "pk": 6, "fields": {"sender": 4, "receiver": null, "text": "dfsdgdf", "attachment": "", "conversation_id": 1, "timestamp": "2024-03-07T09:52:41.923Z", "read": false}}, {"model": "chat.message", "pk": 7, "fields": {"sender": 4, "receiver": null, "text": "sfadfsf", "attachment": "", "conversation_id": 1, "timestamp": "2024-03-07T09:53:04.641Z", "read": false}}, {"model": "chat.message", "pk": 8, "fields": {"sender": 2, "receiver": null, "text": "sfadfsf", "attachment": "", "conversation_id": 1, "timestamp": "2024-03-07T09:53:04.655Z", "read": false}}, {"model": "chat.message", "pk": 9, "fields": {"sender": 4, "receiver": null, "text": "afadf", "attachment": "", "conversation_id": 1, "timestamp": "2024-03-07T09:54:03.609Z", "read": false}}, {"model": "chat.message", "pk": 10, "fields": {"sender": 2, "receiver": null, "text": "afadf", "attachment": "", "conversation_id": 1, "timestamp": "2024-03-07T09:54:03.628Z", "read": false}}, {"model": "chat.message", "pk": 11, "fields": {"sender": 4, "receiver": null, "text": "xczxvxv", "attachment": "", "conversation_id": 1, "timestamp": "2024-03-07T09:54:08.130Z", "read": false}}, {"model": "chat.message", "pk": 12, "fields": {"sender": 2, "receiver": null, "text": "xczxvxv", "attachment": "", "conversation_id": 1, "timestamp": "2024-03-07T09:54:08.146Z", "read": false}}, {"model": "chat.message", "pk": 13, "fields": {"sender": 4, "receiver": null, "text": "zxczvzxz", "attachment": "", "conversation_id": 1, "timestamp": "2024-03-07T09:54:26.798Z", "read": false}}, {"model": "chat.message", "pk": 14, "fields": {"sender": 2, "receiver": null, "text": "zxczvzxz", "attachment": "", "conversation_id": 1, "timestamp": "2024-03-07T09:54:26.822Z", "read": false}}, {"model": "chat.message", "pk": 15, "fields": {"sender": 4, "receiver": null, "text": "zxvzxv", "attachment": "", "conversation_id": 1, "timestamp": "2024-03-07T09:54:48.683Z", "read": false}}, {"model": "chat.message", "pk": 16, "fields": {"sender": 2, "receiver": null, "text": "zxvzxv", "attachment": "", "conversation_id": 1, "timestamp": "2024-03-07T09:54:48.708Z", "read": false}}, {"model": "chat.message", "pk": 17, "fields": {"sender": 4, "receiver": null, "text": "lllllll", "attachment": "", "conversation_id": 1, "timestamp": "2024-03-07T09:56:24.227Z", "read": false}}, {"model": "chat.message", "pk": 18, "fields": {"sender": 2, "receiver": null, "text": "lllllll", "attachment": "", "conversation_id": 1, "timestamp": "2024-03-07T09:56:24.242Z", "read": false}}, {"model": "chat.message", "pk": 19, "fields": {"sender": 4, "receiver": null, "text": "ppppp", "attachment": "", "conversation_id": 1, "timestamp": "2024-03-07T09:57:16.143Z", "read": false}}, {"model": "chat.message", "pk": 20, "fields": {"sender": 2, "receiver": null, "text": "ppppp", "attachment": "", "conversation_id": 1, "timestamp": "2024-03-07T09:57:16.162Z", "read": false}}, {"model": "chat.message", "pk": 21, "fields": {"sender": 2, "receiver": null, "text": "hhhhhhhhh", "attachment": "", "conversation_id": 1, "timestamp": "2024-03-07T10:15:08.998Z", "read": false}}, {"model": "chat.message", "pk": 22, "fields": {"sender": 4, "receiver": null, "text": "hhhhhhhhh", "attachment": "", "conversation_id": 1, "timestamp": "2024-03-07T10:15:09.019Z", "read": false}}, {"model": "chat.message", "pk": 23, "fields": {"sender": 2, "receiver": null, "text": "dfdsaf", "attachment": "", "conversation_id": 1, "timestamp": "2024-03-07T10:15:52.676Z", "read": false}}, {"model": "chat.message", "pk": 24, "fields": {"sender": 4, "receiver": null, "text": "dfdsaf", "attachment": "", "conversation_id": 1, "timestamp": "2024-03-07T10:15:52.696Z", "read": false}}, {"model": "chat.message", "pk": 25, "fields": {"sender": 2, "receiver": null, "text": "xzczczc", "attachment": "", "conversation_id": 1, "timestamp": "2024-03-07T11:17:49.036Z", "read": false}}, {"model": "chat.message", "pk": 26, "fields": {"sender": 4, "receiver": null, "text": "xzczczc", "attachment": "", "conversation_id": 1, "timestamp": "2024-03-07T11:17:49.062Z", "read": false}}, {"model": "chat.message", "pk": 27, "fields": {"sender": 2, "receiver": null, "text": "", "attachment": "", "conversation_id": 1, "timestamp": "2024-03-07T11:18:41.716Z", "read": false}}, {"model": "chat.message", "pk": 28, "fields": {"sender": 4, "receiver": null, "text": "", "attachment": "", "conversation_id": 1, "timestamp": "2024-03-07T11:18:42.863Z", "read": false}}, {"model": "chat.message", "pk": 29, "fields": {"sender": 4, "receiver": null, "text": "sdagada", "attachment": "", "conversation_id": 1, "timestamp": "2024-03-07T11:24:54.046Z", "read": false}}, {"model": "chat.message", "pk": 32, "fields": {"sender": 2, "receiver": null, "text": "444", "attachment": "", "conversation_id": 1, "timestamp": "2024-03-07T11:36:40.718Z", "read": false}}, {"model": "chat.message", "pk": 33, "fields": {"sender": 4, "receiver": null, "text": "444", "attachment": "", "conversation_id": 1, "timestamp": "2024-03-07T11:41:40.255Z", "read": false}}, {"model": "chat.message", "pk": 34, "fields": {"sender": 2, "receiver": null, "text": "44", "attachment": "", "conversation_id": 1, "timestamp": "2024-03-07T12:03:36.713Z", "read": false}}, {"model": "chat.message", "pk": 35, "fields": {"sender": 2, "receiver": null, "text": "44", "attachment": "", "conversation_id": 1, "timestamp": "2024-03-07T12:06:38.080Z", "read": false}}, {"model": "chat.message", "pk": 36, "fields": {"sender": 4, "receiver": null, "text": "44", "attachment": "", "conversation_id": 1, "timestamp": "2024-03-07T12:08:01.099Z", "read": false}}, {"model": "chat.message", "pk": 37, "fields": {"sender": 4, "receiver": null, "text": "44", "attachment": "", "conversation_id": 1, "timestamp": "2024-03-07T12:21:18.691Z", "read": false}}, {"model": "chat.message", "pk": 38, "fields": {"sender": 4, "receiver": null, "text": "55", "attachment": "", "conversation_id": 1, "timestamp": "2024-03-07T12:23:52.287Z", "read": false}}, {"model": "chat.message", "pk": 39, "fields": {"sender": 4, "receiver": null, "text": "55", "attachment": "", "conversation_id": 1, "timestamp": "2024-03-07T12:25:20.635Z", "read": false}}, {"model": "chat.message", "pk": 40, "fields": {"sender": 4, "receiver": null, "text": "55", "attachment": "", "conversation_id": 1, "timestamp": "2024-03-07T12:28:41.449Z", "read": false}}, {"model": "chat.message", "pk": 41, "fields": {"sender": 4, "receiver": null, "text": "66", "attachment": "", "conversation_id": 1, "timestamp": "2024-03-07T12:31:31.835Z", "read": false}}, {"model": "chat.message", "pk": 42, "fields": {"sender": 2, "receiver": null, "text": "66", "attachment": "", "conversation_id": 1, "timestamp": "2024-03-07T12:32:10.698Z", "read": false}}, {"model": "chat.message", "pk": 43, "fields": {"sender": 2, "receiver": 2, "text": "hi", "attachment": "", "conversation_id": 1, "timestamp": "2024-03-07T13:31:56.097Z", "read": true}}, {"model": "chat.message", "pk": 44, "fields": {"sender": 2, "receiver": 2, "text": "Hi-Hi", "attachment": "", "conversation_id": 1, "timestamp": "2024-03-13T13:15:49.463Z", "read": true}}, {"model": "chat.message", "pk": 45, "fields": {"sender": 2, "receiver": 2, "text": "Hi-Hi", "attachment": "", "conversation_id": 1, "timestamp": "2024-03-13T13:24:58.423Z", "read": true}}, {"model": "chat.message", "pk": 46, "fields": {"sender": 2, "receiver": 2, "text": "Hi-Hi", "attachment": "", "conversation_id": 1, "timestamp": "2024-03-13T13:31:35.650Z", "read": true}}, {"model": "chat.message", "pk": 47, "fields": {"sender": 2, "receiver": 4, "text": "Hi-Hi", "attachment": "", "conversation_id": 1, "timestamp": "2024-03-13T13:39:53.910Z", "read": true}}, {"model": "chat.message", "pk": 48, "fields": {"sender": 2, "receiver": 2, "text": "Hi-Hi", "attachment": "", "conversation_id": 1, "timestamp": "2024-03-13T13:40:11.381Z", "read": true}}, {"model": "chat.message", "pk": 49, "fields": {"sender": 2, "receiver": 4, "text": "Hi-Hi", "attachment": "", "conversation_id": 1, "timestamp": "2024-03-13T13:56:14.930Z", "read": true}}, {"model": "chat.message", "pk": 50, "fields": {"sender": 2, "receiver": 2, "text": "Hi-Hi", "attachment": "", "conversation_id": 1, "timestamp": "2024-03-13T13:56:19.763Z", "read": true}}, {"model": "chat.message", "pk": 51, "fields": {"sender": 2, "receiver": 4, "text": "Hi-Hi", "attachment": "", "conversation_id": 1, "timestamp": "2024-03-13T14:21:17.526Z", "read": true}}, {"model": "chat.message", "pk": 52, "fields": {"sender": 2, "receiver": 2, "text": "Hi-Hi", "attachment": "", "conversation_id": 1, "timestamp": "2024-03-13T14:21:19.326Z", "read": true}}, {"model": "chat.message", "pk": 53, "fields": {"sender": 2, "receiver": 2, "text": "55555", "attachment": "", "conversation_id": 1, "timestamp": "2024-03-13T14:21:45.092Z", "read": true}}, {"model": "chat.message", "pk": 54, "fields": {"sender": 2, "receiver": 2, "text": "Hi", "attachment": "", "conversation_id": 1, "timestamp": "2024-03-14T11:27:24.505Z", "read": true}}, {"model": "chat.message", "pk": 55, "fields": {"sender": 2, "receiver": 2, "text": "Hi", "attachment": "", "conversation_id": 1, "timestamp": "2024-03-14T12:22:52.492Z", "read": true}}, {"model": "chat.message", "pk": 56, "fields": {"sender": 2, "receiver": 2, "text": "Hi", "attachment": "", "conversation_id": 1, "timestamp": "2024-03-14T12:44:05.191Z", "read": true}}, {"model": "chat.message", "pk": 57, "fields": {"sender": 2, "receiver": 2, "text": "Hi", "attachment": "", "conversation_id": 1, "timestamp": "2024-03-14T12:50:07.172Z", "read": true}}, {"model": "chat.message", "pk": 58, "fields": {"sender": 2, "receiver": 2, "text": "Hi", "attachment": "", "conversation_id": 1, "timestamp": "2024-03-14T12:51:04.431Z", "read": true}}, {"model": "chat.message", "pk": 59, "fields": {"sender": 2, "receiver": 4, "text": "Hi", "attachment": "", "conversation_id": 1, "timestamp": "2024-03-14T13:58:31.422Z", "read": true}}, {"model": "chat.message", "pk": 60, "fields": {"sender": 2, "receiver": 4, "text": "5", "attachment": "", "conversation_id": 1, "timestamp": "2024-03-14T14:34:57.245Z", "read": true}}, {"model": "chat.message", "pk": 61, "fields": {"sender": 4, "receiver": 2, "text": "555", "attachment": "", "conversation_id": 1, "timestamp": "2024-03-15T11:52:46.629Z", "read": true}}, {"model": "chat.message", "pk": 62, "fields": {"sender": 2, "receiver": 2, "text": "6666", "attachment": "", "conversation_id": 1, "timestamp": "2024-03-15T12:01:40.341Z", "read": false}}, {"model": "notifications.notification", "pk": 2, "fields": {"user": 2, "send": true, "read": true, "hide": false, "created_date": "2024-03-18T12:53:30.830Z"}}, {"model": "notifications.notification", "pk": 3, "fields": {"user": 2, "send": true, "read": true, "hide": false, "created_date": "2024-03-18T13:19:29.435Z"}}, {"model": "notifications.notification", "pk": 4, "fields": {"user": 2, "send": true, "read": true, "hide": false, "created_date": "2024-03-18T13:30:03.151Z"}}, {"model": "notifications.notification", "pk": 5, "fields": {"user": 2, "send": true, "read": true, "hide": false, "created_date": "2024-03-18T13:34:49.842Z"}}, {"model": "notifications.notification", "pk": 6, "fields": {"user": 2, "send": true, "read": true, "hide": false, "created_date": "2024-03-18T14:14:56.710Z"}}, {"model": "notifications.notification", "pk": 7, "fields": {"user": 4, "send": false, "read": false, "hide": false, "created_date": "2024-03-18T14:15:39.671Z"}}, {"model": "followers.follower", "pk": 2, "fields": {"author": 2, "follower": 4, "created_date": "2024-03-18T12:53:42.355Z", "notification": 2}}]